eta,max_depth,gamma,colsample_bytree,min_child_weight,subsample,nrounds,RMSE,Rsquared,MAE,RMSESD,RsquaredSD,MAESD
0.01,3,0,0.5,1,0.5,100,0.2779669887465651,0.35827913658421134,0.21809712451140614,0.018494928560495838,0.03835421237269401,0.00700360209754121
0.01,3,0,0.5,1,0.75,100,0.27666936216201693,0.36245133220336845,0.21727559908038832,0.017790974962538172,0.0381577248906033,0.006614563474046827
0.01,3,0,0.5,5,0.5,100,0.2777204835791106,0.3643931498370976,0.21827710948831044,0.018829325163525007,0.0379055898348154,0.007060433727344299
0.01,3,0,0.5,5,0.75,100,0.27637972541940653,0.36842831153164834,0.21717217050010754,0.018366217186277903,0.04016785131404883,0.00668961777225316
0.01,3,0,0.8,1,0.5,100,0.27541160211631915,0.38645049254571817,0.2168625493005946,0.017919397108104366,0.032394467895031566,0.00656722998412307
0.01,3,0,0.8,1,0.75,100,0.2734111406298962,0.39463456003138303,0.21565524414369225,0.017715083529927154,0.03893585505685738,0.006541276243741516
0.01,3,0,0.8,5,0.5,100,0.27535808378189103,0.3885989644942754,0.21686682566173096,0.017688399598337828,0.031925148232819715,0.0064315486158436
0.01,3,0,0.8,5,0.75,100,0.27327784303876523,0.39586437259848245,0.21555227885628858,0.017513620406639934,0.036626569561435576,0.00646032680804722
0.01,3,0.1,0.5,1,0.5,100,0.2775910784371452,0.36577504011852524,0.21802613242030083,0.018180353767409972,0.04136034505098296,0.006834361191161075
0.01,3,0.1,0.5,1,0.75,100,0.2762741178873653,0.36527565929998834,0.21697789754820895,0.01822387643308112,0.038782509948054614,0.0065998412943189385
0.01,3,0.1,0.5,5,0.5,100,0.27762979154076867,0.36157373863600517,0.21815253609556834,0.018563425761484998,0.03860712676744116,0.007160815307539047
0.01,3,0.1,0.5,5,0.75,100,0.2761147743236184,0.3681115668338943,0.2172708621826068,0.01825958249549857,0.03585786011449422,0.006659300622589287
0.01,3,0.1,0.8,1,0.5,100,0.2751577370215043,0.3863915695638654,0.21638108557567712,0.017720306088889186,0.038385277069418515,0.0064424832602453085
0.01,3,0.1,0.8,1,0.75,100,0.2732534696587051,0.39489910996820804,0.21565189816986868,0.01777588560651306,0.038215184493667384,0.006751716627127767
0.01,3,0.1,0.8,5,0.5,100,0.2754583987766,0.38189799995642326,0.21688732284240897,0.017770108211100723,0.035656523171763974,0.006515263200703457
0.01,3,0.1,0.8,5,0.75,100,0.2734349481970317,0.3913268340688364,0.21570138793966664,0.01771149606613805,0.03426495847886922,0.0063760413228816214
0.1,3,0,0.5,1,0.5,100,0.18827971343234598,0.34921116991679696,0.11875224513814878,0.012514512977405811,0.07144793094418993,0.0061681532610629464
0.1,3,0,0.5,1,0.75,100,0.185134948161344,0.36773834893608476,0.11515031125085953,0.014978842759182357,0.05346002732312511,0.006887246754147928
0.1,3,0,0.5,5,0.5,100,0.19010426199266495,0.3379309978529547,0.11970658272295964,0.01728230168986838,0.06973192776430065,0.00684696580926183
0.1,3,0,0.5,5,0.75,100,0.18490551829947519,0.37230610704230593,0.11601847916469862,0.014679730593808412,0.06630988770820932,0.006228398761476486
0.1,3,0,0.8,1,0.5,100,0.18261358509373013,0.3870355337893505,0.1158254209767358,0.012912988846147073,0.06908600072969383,0.0059706921323069055
0.1,3,0,0.8,1,0.75,100,0.18388914687900168,0.38004543856642364,0.1165009616980342,0.014776590378988368,0.058749969307802505,0.006775443293601355
0.1,3,0,0.8,5,0.5,100,0.18855986045627246,0.3509732986808711,0.11969916695110441,0.015582111509282489,0.05348360699495967,0.006369332517538564
0.1,3,0,0.8,5,0.75,100,0.1837998965936307,0.38042488775957783,0.11571156648891363,0.016443609446083775,0.054119961159013054,0.007173620987140346
0.1,3,0.1,0.5,1,0.5,100,0.18622198678035418,0.36229891202011166,0.11761939392500607,0.014440227211308446,0.05057774654104191,0.007106675578728496
0.1,3,0.1,0.5,1,0.75,100,0.18644484782296597,0.35902700583623853,0.11671754507667786,0.012980853596150817,0.07102147714911629,0.006635168512783806
0.1,3,0.1,0.5,5,0.5,100,0.18956643767067574,0.34032208892104576,0.12019951160154475,0.015976786650196164,0.06426655553001177,0.007747910685029285
0.1,3,0.1,0.5,5,0.75,100,0.1863832841779021,0.36219526818086595,0.11684882117204703,0.015424150853214314,0.056372386155081826,0.007254245008279752
0.1,3,0.1,0.8,1,0.5,100,0.18412928540377302,0.37468856658301836,0.11682493751872745,0.015595827120366609,0.06875845881672685,0.0064371989377260885
0.1,3,0.1,0.8,1,0.75,100,0.18276869361744127,0.3845942836376441,0.1154176873162845,0.014012934124769175,0.06917073738104416,0.007082775436231711
0.1,3,0.1,0.8,5,0.5,100,0.18731232366416675,0.3575391105407688,0.11848731384544457,0.018166672803793013,0.057946528125156986,0.007828545893006467
0.1,3,0.1,0.8,5,0.75,100,0.18299285105371474,0.38493585505656563,0.11445960538752002,0.014854149303024314,0.05600005717887258,0.0068390582751289555
0.3,3,0,0.5,1,0.5,100,0.20561214893860413,0.27880546339147955,0.13609646671825187,0.013968129855701257,0.0752426087788777,0.007374258964867238
0.3,3,0,0.5,1,0.75,100,0.20118573845346227,0.2889963663584882,0.12730366450323924,0.018775846385025215,0.0749013501567663,0.009671738122725542
0.3,3,0,0.5,5,0.5,100,0.2069026938664867,0.2675249528575007,0.135770396750396,0.013986718390348317,0.043091814422399455,0.007035479210573607
0.3,3,0,0.5,5,0.75,100,0.2018288996004242,0.2889685697107028,0.1285457252574566,0.01919738671728276,0.07222437309637599,0.00845620124873594
0.3,3,0,0.8,1,0.5,100,0.20468995610945656,0.28793310687769846,0.13543820508772467,0.012995343213812032,0.0750948986932427,0.0073749492562836475
0.3,3,0,0.8,1,0.75,100,0.19781840402170817,0.310192691406267,0.1266218616978898,0.0157561104416091,0.050779550651451635,0.00830004465403182
0.3,3,0,0.8,5,0.5,100,0.2089986130211145,0.25970766380315585,0.13469709474831382,0.01452034373967213,0.06355856740318601,0.005433429903678777
0.3,3,0,0.8,5,0.75,100,0.20182828085467613,0.2894670478235424,0.12850222189239138,0.015464332534603444,0.056998855373161496,0.007847558538291747
0.3,3,0.1,0.5,1,0.5,100,0.19908237890346087,0.3055800986368692,0.12963281205125343,0.012566366569391696,0.0773990640424844,0.005794513961646347
0.3,3,0.1,0.5,1,0.75,100,0.19520362781810666,0.3136333005607533,0.12404117941033906,0.01523635600731653,0.04366413693557376,0.006653028092604801
0.3,3,0.1,0.5,5,0.5,100,0.20656620597678402,0.27048890459867553,0.13213964066933612,0.021605001653655847,0.07472762007598055,0.01028423060611835
0.3,3,0.1,0.5,5,0.75,100,0.19203765219714344,0.3322315729345973,0.12314420815928846,0.012304114775909442,0.07335444538646003,0.006411837995670313
0.3,3,0.1,0.8,1,0.5,100,0.19613167414212163,0.3200561908602425,0.1286099631290238,0.014666771430382215,0.060071652554190315,0.007823045213503441
0.3,3,0.1,0.8,1,0.75,100,0.1918807680295396,0.33368981451241675,0.12220686992301126,0.013548366358632203,0.08076267559272478,0.00671438729365812
0.3,3,0.1,0.8,5,0.5,100,0.20157753340592044,0.28551747290899376,0.1304623466355026,0.015563188779851139,0.04716358541179504,0.005973446952851353
0.3,3,0.1,0.8,5,0.75,100,0.19017272902198074,0.34503525255189854,0.1215391800981587,0.015536888528968304,0.06640318180928573,0.008173983958180999
0.01,6,0,0.5,1,0.5,100,0.28084044174153067,0.3446734572664417,0.22021088566891658,0.018367063700205927,0.04510422901497644,0.00740437925145002
0.01,6,0,0.5,1,0.75,100,0.27959920545090694,0.3433710447833968,0.21948369289069533,0.018449973478469404,0.05048912807124794,0.007676626374464911
0.01,6,0,0.5,5,0.5,100,0.28002542466801567,0.35008844710485565,0.22046424475876766,0.018608371595673502,0.0332274947087777,0.007685832928401505
0.01,6,0,0.5,5,0.75,100,0.27793591357776715,0.36205414402385816,0.21908309324464842,0.018025728730430977,0.03999946579959416,0.0074025684415157085
0.01,6,0,0.8,1,0.5,100,0.2783609724372225,0.36943401740326565,0.21899696140010694,0.01783550421777753,0.04928393519118969,0.0074380557616922525
0.01,6,0,0.8,1,0.75,100,0.2772307138817884,0.36578299050800106,0.21833756017814468,0.01831234756965779,0.05087059941813944,0.007735180961427094
0.01,6,0,0.8,5,0.5,100,0.27757123758556557,0.3738255693295591,0.21900792032580696,0.018442021599092705,0.03193686743313929,0.007850958235973404
0.01,6,0,0.8,5,0.75,100,0.2759579904313302,0.3830264381277195,0.21840814628485528,0.017720169383707542,0.04228932984204905,0.007378606218804225
0.01,6,0.1,0.5,1,0.5,100,0.2790846357365739,0.3575502104223226,0.2189709015137899,0.018561416372329557,0.041644431551725855,0.007360448071904015
0.01,6,0.1,0.5,1,0.75,100,0.2776308123453408,0.35365617064406396,0.21790731871372673,0.018382836746678573,0.04391645643453015,0.007367876535106448
0.01,6,0.1,0.5,5,0.5,100,0.27823011401017284,0.3583280980255945,0.2185663539861392,0.01834157068954904,0.03512153116538224,0.006996766397504009
0.01,6,0.1,0.5,5,0.75,100,0.2769363072856411,0.36586137303515226,0.21804752922056742,0.01737225748460499,0.046824540054458706,0.00711507817542826
0.01,6,0.1,0.8,1,0.5,100,0.276606823551846,0.3777176986870172,0.21749385491504272,0.018263981197042076,0.04224859544318213,0.00705192185576314
0.01,6,0.1,0.8,1,0.75,100,0.2753954011673886,0.37591706918783746,0.21724593128305988,0.017606576651311708,0.04307202591607208,0.007067050401212403
0.01,6,0.1,0.8,5,0.5,100,0.2757419852215945,0.38325973982701017,0.2170649970714957,0.018121853736031892,0.030426613048367256,0.006872808294629941
0.01,6,0.1,0.8,5,0.75,100,0.2740844360962471,0.38953728237780866,0.21642526542549512,0.017725318766677847,0.03793956946681466,0.007088340214042931
0.1,6,0,0.5,1,0.5,100,0.18826580800559647,0.3513247832059826,0.12000423002553454,0.011931107372173731,0.05717690066323973,0.005129519446817085
0.1,6,0,0.5,1,0.75,100,0.1899224812070991,0.3398959394670546,0.11818992464226924,0.015786377749880207,0.04998025675173107,0.006161848847892928
0.1,6,0,0.5,5,0.5,100,0.19289231185113395,0.32229220059650704,0.12194716393865904,0.014733827648127466,0.04507604712236831,0.006565320678481304
0.1,6,0,0.5,5,0.75,100,0.18879966542848522,0.34900190552344595,0.118864152085139,0.0145665743455244,0.058599698419222176,0.006363716468842785
0.1,6,0,0.8,1,0.5,100,0.19036198626790746,0.33951440598337385,0.12052585836808417,0.01171222428672541,0.07669468912763136,0.005891898709525312
0.1,6,0,0.8,1,0.75,100,0.18438871035271945,0.3767118939173119,0.11560901888561956,0.011952420175272488,0.06352381103850248,0.0057012322891566835
0.1,6,0,0.8,5,0.5,100,0.19123284933458173,0.335444255075273,0.1206456025129469,0.014054535224161389,0.05303412192116447,0.006397751581583429
0.1,6,0,0.8,5,0.75,100,0.18584191537522582,0.36893875597507825,0.11692161853756071,0.014130432914291306,0.05020386215387185,0.007682297913290081
0.1,6,0.1,0.5,1,0.5,100,0.18942482369764974,0.34358134167869114,0.11890688044872937,0.013575936275377327,0.06032543457404266,0.006013388001872581
0.1,6,0.1,0.5,1,0.75,100,0.18529008203016256,0.37053950504355104,0.11622318436390044,0.01396979326949633,0.06759801216617502,0.006273048259126962
0.1,6,0.1,0.5,5,0.5,100,0.191327151896581,0.3327527919924742,0.12150002412021764,0.015060943419620684,0.061177091352860695,0.007339329674011537
0.1,6,0.1,0.5,5,0.75,100,0.18645973552275885,0.36239813200906495,0.1167459280864798,0.013983062202447154,0.05368736364040073,0.006522079870212975
0.1,6,0.1,0.8,1,0.5,100,0.18349605798517463,0.381158271973746,0.11636201439376857,0.012251648827959552,0.07218137274404324,0.006551160834249605
0.1,6,0.1,0.8,1,0.75,100,0.1848856239558608,0.37521724427247055,0.11574685794456716,0.013830905388091617,0.05302551445102275,0.006070300496989038
0.1,6,0.1,0.8,5,0.5,100,0.18728487386637999,0.35934264291059165,0.11766078809419789,0.015241985742725467,0.05408364350718567,0.006996699798003838
0.1,6,0.1,0.8,5,0.75,100,0.18336345376303445,0.3829743143603341,0.11535314627630734,0.014378441198647614,0.053081851677397006,0.0058245943807716406
0.3,6,0,0.5,1,0.5,100,0.2074272054533198,0.2632583658420342,0.1365543917384191,0.016951736895169614,0.10470027291836634,0.00848391916416404
0.3,6,0,0.5,1,0.75,100,0.20222750776517162,0.280757924181457,0.12785954099261784,0.017863712320865907,0.04877087933777726,0.007982726501915977
0.3,6,0,0.5,5,0.5,100,0.20939121457333007,0.26018881878053374,0.14042916663289912,0.015369016974543319,0.04521300275416682,0.008638750619744376
0.3,6,0,0.5,5,0.75,100,0.20315496692516827,0.27777263445315786,0.1299793942473593,0.016907940634773633,0.06561165113299001,0.0072294319292634844
0.3,6,0,0.8,1,0.5,100,0.2070783492497982,0.2671749157357409,0.13502823594855387,0.014904301519720104,0.05563347337030439,0.0069308876139831214
0.3,6,0,0.8,1,0.75,100,0.19728117908758908,0.31171382242423795,0.1272789138104777,0.013559494536814648,0.07317625126520538,0.0070050377564911896
0.3,6,0,0.8,5,0.5,100,0.21040455356498072,0.2590067375446387,0.13906658239549957,0.01299919302874176,0.06596088528606138,0.00782133611778253
0.3,6,0,0.8,5,0.75,100,0.19510118782744107,0.3253585815014445,0.12679842159490787,0.020848791831295406,0.06926049653843526,0.010921831491551463
0.3,6,0.1,0.5,1,0.5,100,0.20253993447168578,0.2794655444532019,0.13165138918354832,0.01634522198223237,0.07935639675794452,0.008223408449413662
0.3,6,0.1,0.5,1,0.75,100,0.19588816338453455,0.30973350656149423,0.12460059784571519,0.01673227125338792,0.07942497429369778,0.009402571044852969
0.3,6,0.1,0.5,5,0.5,100,0.2075596049919639,0.25837983021754846,0.13477057000943768,0.01855406900727865,0.0656874776952633,0.009455624163933484
0.3,6,0.1,0.5,5,0.75,100,0.1942805900920058,0.3199993645451676,0.12386847369842058,0.016584224464274294,0.07019601842449025,0.006366433103190163
0.3,6,0.1,0.8,1,0.5,100,0.20064543088461528,0.3001022553638807,0.13091935130238036,0.018093197207531986,0.06362250685070892,0.008934421602550799
0.3,6,0.1,0.8,1,0.75,100,0.19162550847595755,0.3431003133919622,0.12191085397079884,0.016753007852034565,0.06862380720014645,0.008803335468008947
0.3,6,0.1,0.8,5,0.5,100,0.2030273902095118,0.2854773214467289,0.13284049774799847,0.014754901396638907,0.06682595737795569,0.009422424865531322
0.3,6,0.1,0.8,5,0.75,100,0.1934017858940357,0.3296860235248274,0.12353291453143034,0.016531881231361338,0.055307519129324134,0.008502772073325763
0.01,9,0,0.5,1,0.5,100,0.2840259572992265,0.32979256454148104,0.22337232077159536,0.018644620886590912,0.051991864989540476,0.00789109027457069
0.01,9,0,0.5,1,0.75,100,0.28234017673872996,0.33313360089710403,0.22208784060273926,0.018768139184455,0.04943347042888486,0.007858701437254017
0.01,9,0,0.5,5,0.5,100,0.28165718834453235,0.3459432566938564,0.22228826826650558,0.01809624884070106,0.04231474002297561,0.007121876707530622
0.01,9,0,0.5,5,0.75,100,0.2793220273869804,0.3597409654459974,0.22060422131680166,0.0177422338022948,0.03834291742093363,0.007247161632411289
0.01,9,0,0.8,1,0.5,100,0.2806371378723938,0.36015396496525165,0.22118508532860953,0.01889352117303999,0.04554023639195874,0.00796106644717227
0.01,9,0,0.8,1,0.75,100,0.2794399461907086,0.35876915086447875,0.2204817098489759,0.018569647159781627,0.061043628859044595,0.007812703935371606
0.01,9,0,0.8,5,0.5,100,0.2785724779136004,0.37257118843214515,0.22038288409936313,0.01817843447295483,0.038591489784245155,0.00788613922256282
0.01,9,0,0.8,5,0.75,100,0.2769587462470488,0.3821736825422727,0.21952966003573304,0.01750202847169115,0.04243461634665778,0.007451845229056279
0.01,9,0.1,0.5,1,0.5,100,0.27939912106397585,0.3542485301398288,0.21931623010079826,0.017791636100396174,0.04721251880144847,0.007024869605898571
0.01,9,0.1,0.5,1,0.75,100,0.278595765887222,0.3476307362479818,0.21871585078822448,0.01767929640761241,0.04850596424079203,0.007056797707620609
0.01,9,0.1,0.5,5,0.5,100,0.27793940013735713,0.36289323341025226,0.21851825062020952,0.018512034807860255,0.03858993354405309,0.007170942358251498
0.01,9,0.1,0.5,5,0.75,100,0.2770625004503619,0.3656246518351671,0.21807851695510067,0.018004628008831392,0.04273471248298397,0.00718134440688198
0.01,9,0.1,0.8,1,0.5,100,0.276628387965908,0.37918082175379847,0.2176028729758224,0.01827225190892321,0.04047206250209995,0.00737638301913629
0.01,9,0.1,0.8,1,0.75,100,0.2758010210450943,0.36828852924272404,0.2171806289234311,0.017861118232228534,0.047925686043809326,0.0071845563419824406
0.01,9,0.1,0.8,5,0.5,100,0.27554255087175183,0.38316555865037366,0.21716687736328777,0.017860338422740867,0.02810465360291191,0.006846480039188872
0.01,9,0.1,0.8,5,0.75,100,0.27469753552664894,0.3892101254925501,0.2170005877649425,0.01779333588743838,0.038086366193663006,0.007051778839180521
0.1,9,0,0.5,1,0.5,100,0.19160533385785028,0.3309581153440295,0.12153922552821576,0.01126851546366685,0.06923746473070864,0.005762838181244797
0.1,9,0,0.5,1,0.75,100,0.19137663652770576,0.3318816118972695,0.11997021738479495,0.013913779362833884,0.053327274284162944,0.005660686692045277
0.1,9,0,0.5,5,0.5,100,0.19253736629781099,0.32556334115932606,0.12241742174194992,0.014243291881102063,0.05569513236785215,0.006697001396880342
0.1,9,0,0.5,5,0.75,100,0.18993673466783723,0.34061983088679704,0.11894763494508508,0.014322301187345373,0.06118553156357396,0.005749823208109719
0.1,9,0,0.8,1,0.5,100,0.18610133196557352,0.36724192166225,0.11845359980011895,0.013955059559342389,0.05619938405580568,0.006339138271264685
0.1,9,0,0.8,1,0.75,100,0.18633302841952115,0.3653396798672914,0.11698054246585028,0.01115740878333754,0.07887202782129889,0.006073619080182337
0.1,9,0,0.8,5,0.5,100,0.19213599778677912,0.33075761880470805,0.12217334890579074,0.013851492335025235,0.043602943813762035,0.006884885794930069
0.1,9,0,0.8,5,0.75,100,0.18671145289237842,0.3665906277428961,0.11859729669584061,0.013316106827489283,0.06054057165910604,0.007206914505635615
0.1,9,0.1,0.5,1,0.5,100,0.18597245982523591,0.36364321016471446,0.11706323071660801,0.013821458649446231,0.0645582850847363,0.005729721199973474
0.1,9,0.1,0.5,1,0.75,100,0.1856778688277368,0.36554481679066064,0.11622237924538421,0.014004784963740052,0.06122706209865907,0.005268069995559394
0.1,9,0.1,0.5,5,0.5,100,0.1900529615487221,0.3390161096175224,0.11925232785754442,0.014357039398342564,0.048431245124388574,0.006780925867899794
0.1,9,0.1,0.5,5,0.75,100,0.18943429849865423,0.3473505011533403,0.1178185180959037,0.014998006879460636,0.06776711317350051,0.0071024523580124396
0.1,9,0.1,0.8,1,0.5,100,0.1852018933315023,0.37190761205309947,0.11754735346762454,0.015028805478282026,0.0794803666780813,0.006721973840943646
0.1,9,0.1,0.8,1,0.75,100,0.18304228132555703,0.3849369879005781,0.1157835977804964,0.013038165561865473,0.05765232757529466,0.005655288629905538
0.1,9,0.1,0.8,5,0.5,100,0.1892700382605507,0.34714219783012434,0.1194487576333096,0.013216883492138731,0.04814209763181195,0.0051756551070853965
0.1,9,0.1,0.8,5,0.75,100,0.18366523120689585,0.38435450215783334,0.11505316920334306,0.01469211454156743,0.057585967535429584,0.0067943887217970225
0.3,9,0,0.5,1,0.5,100,0.21448971084174953,0.22424717030910846,0.13979520200613146,0.016135626495850614,0.07198747509792237,0.00823788043852251
0.3,9,0,0.5,1,0.75,100,0.20253189156590198,0.2778816019401074,0.12926829141698212,0.016232310730038634,0.05054660352449065,0.0075162173277808185
0.3,9,0,0.5,5,0.5,100,0.20842743569607877,0.2618968712740396,0.1398589312178467,0.01612530696483848,0.06528888327642798,0.007309979001379149
0.3,9,0,0.5,5,0.75,100,0.20108310804810617,0.2870835055920285,0.12831661920442575,0.017503523482727965,0.05339062399069997,0.009628603385984265
0.3,9,0,0.8,1,0.5,100,0.20338030485313818,0.28674378472025774,0.13383002161223384,0.013688426176246075,0.0520726285305665,0.005466460150032427
0.3,9,0,0.8,1,0.75,100,0.1995620322332388,0.29311930541757064,0.1268472071342101,0.010580457167856647,0.07551605261382723,0.005605070764990484
0.3,9,0,0.8,5,0.5,100,0.2112591338971472,0.2539605381810448,0.139622936444095,0.014743096817966652,0.05364670664970843,0.008898296404595375
0.3,9,0,0.8,5,0.75,100,0.1975439482138616,0.3168136819639511,0.12787414666679175,0.01491228413179964,0.05438547320328052,0.006501133777387191
0.3,9,0.1,0.5,1,0.5,100,0.20051942695446898,0.2883735489985137,0.13032333250067193,0.016465439818270183,0.05000447991309781,0.008404969914408613
0.3,9,0.1,0.5,1,0.75,100,0.1954771834614698,0.31153458264277334,0.12449856579316242,0.012255302987253634,0.07608853898074631,0.006814483466444191
0.3,9,0.1,0.5,5,0.5,100,0.204183297913594,0.27261782159883674,0.13234720725217994,0.014756947093842671,0.06006928513903054,0.008608448249677374
0.3,9,0.1,0.5,5,0.75,100,0.1955481864785068,0.3103160384987523,0.12408818618053925,0.013573538276627755,0.05081586523160399,0.006980077261706876
0.3,9,0.1,0.8,1,0.5,100,0.20060104215288482,0.29306798487747726,0.1303393943281476,0.012409728441787246,0.06159168735588555,0.005733746401082524
0.3,9,0.1,0.8,1,0.75,100,0.19047097173745672,0.34564206508376205,0.12197276303069614,0.01165028652661168,0.06926854057525214,0.005616832856830698
0.3,9,0.1,0.8,5,0.5,100,0.20051454533362734,0.2972217926048843,0.13269018082698938,0.014094478650708625,0.07412559458625964,0.010376802983645054
0.3,9,0.1,0.8,5,0.75,100,0.19053965778965634,0.3450297341847476,0.12196090219988673,0.015410948853546005,0.053482086225767125,0.007378511684180309
0.01,3,0,0.5,1,0.5,150,0.22643897348625225,0.36980767141405885,0.15907131818002662,0.018443409967685755,0.03742991860046072,0.006040073637048712
0.01,3,0,0.5,1,0.75,150,0.22511967095955382,0.37307632816800235,0.1581796637103404,0.017824061930881752,0.04088357875508709,0.005631355813832399
0.01,3,0,0.5,5,0.5,150,0.226233480081489,0.3720495761592885,0.15877953586853233,0.018914318002275495,0.04110498377279732,0.006251196282347908
0.01,3,0,0.5,5,0.75,150,0.22471698554426492,0.37871884944374684,0.15804128946637525,0.018820580753471212,0.03903768344257159,0.0060763280827943215
0.01,3,0,0.8,1,0.5,150,0.22285464525728185,0.39804352114385266,0.15707589258673266,0.0179843480228658,0.0342837537979422,0.006003158317055113
0.01,3,0,0.8,1,0.75,150,0.22121027162410092,0.4032374890358311,0.15657468680098488,0.01767010623579969,0.042501253063074236,0.006004522018995014
0.01,3,0,0.8,5,0.5,150,0.2234017884208592,0.3941473075635299,0.15723523046496388,0.01797630212605243,0.033365986671644136,0.0059855488978600244
0.01,3,0,0.8,5,0.75,150,0.2210568657580266,0.4049265393270144,0.15641031927899524,0.017347426590338635,0.0394045449862812,0.005343795377219435
0.01,3,0.1,0.5,1,0.5,150,0.22589965382458801,0.3757809461144323,0.15864760288111765,0.018494678106294002,0.042649001439314646,0.006170505091894438
0.01,3,0.1,0.5,1,0.75,150,0.22498316064964424,0.37542664391617847,0.15797313463366913,0.018668193503523705,0.03655266618884705,0.005844995322496967
0.01,3,0.1,0.5,5,0.5,150,0.22595849750426494,0.37081340668390117,0.1587155698034001,0.018469558783971315,0.039478329702927056,0.0059870127455305825
0.01,3,0.1,0.5,5,0.75,150,0.22428816239142363,0.38081781013149496,0.15791096588308778,0.018297599491430536,0.035077966927398285,0.0057794224602269444
0.01,3,0.1,0.8,1,0.5,150,0.22269844526326052,0.399361909686622,0.15697411078746035,0.017398693706678795,0.040977840695844356,0.0059813849899263425
0.01,3,0.1,0.8,1,0.75,150,0.22090057740948085,0.40607163827341636,0.15664291482132894,0.017293357712980226,0.04180186746944248,0.005912890072345482
0.01,3,0.1,0.8,5,0.5,150,0.2235202100468228,0.38899772659665127,0.15747503238330424,0.018137339114158026,0.035833514591245584,0.0060526943228447275
0.01,3,0.1,0.8,5,0.75,150,0.22122435082036748,0.400900327201682,0.15647822647443052,0.017411836548405408,0.03780374674745968,0.005525458487956416
0.1,3,0,0.5,1,0.5,150,0.19039115303729567,0.336907040232421,0.12101809504101557,0.01292333277721838,0.0751637138240397,0.006766170658635266
0.1,3,0,0.5,1,0.75,150,0.18590272523299825,0.36401743794210467,0.11620257876811106,0.014228830197311382,0.0580139401754178,0.0069906617914540755
0.1,3,0,0.5,5,0.5,150,0.19167739434310635,0.33136756138599804,0.12209388966798201,0.016869827133375606,0.07484308058341334,0.006602736690813638
0.1,3,0,0.5,5,0.75,150,0.186645719753546,0.362873907880796,0.11746545180210458,0.014154390086340151,0.07092989494164084,0.006080660169886847
0.1,3,0,0.8,1,0.5,150,0.18482406499760684,0.37552292314955266,0.11783571932449236,0.013250127218690103,0.07041731159832917,0.006921709443575902
0.1,3,0,0.8,1,0.75,150,0.18513286165660678,0.3730495041847319,0.1170254842436026,0.015076938401525077,0.06040394231951026,0.007143331973012379
0.1,3,0,0.8,5,0.5,150,0.19071119037129133,0.34060976209461186,0.1212058343571623,0.01581883361446376,0.05497599934305996,0.005878956697449775
0.1,3,0,0.8,5,0.75,150,0.18633070879269995,0.366430876890097,0.1176231975222077,0.016408399180664727,0.05450081746575463,0.007317546700421436
0.1,3,0.1,0.5,1,0.5,150,0.18699560905586166,0.358097264352991,0.11873802474487065,0.013385862722623933,0.05065021290622129,0.0065401684637158295
0.1,3,0.1,0.5,1,0.75,150,0.18699110077159276,0.35649628082939777,0.11712530979183616,0.013054928527569456,0.0730115647348034,0.0067463476480337115
0.1,3,0.1,0.5,5,0.5,150,0.1912323302137328,0.3329372824587232,0.12176635476622147,0.0151498797563744,0.06177829687948549,0.0075831627938434155
0.1,3,0.1,0.5,5,0.75,150,0.1873169481530018,0.35621597701739666,0.11761549515684351,0.015227677709519279,0.0598699232496195,0.007182382634960514
0.1,3,0.1,0.8,1,0.5,150,0.1852664960222331,0.3686715223929041,0.1172961997344376,0.015928819809555718,0.06824144096261162,0.006633712173572695
0.1,3,0.1,0.8,1,0.75,150,0.18327635096432,0.38160587210792585,0.11551418223813578,0.014005426879699703,0.06858299673157375,0.007104169355722668
0.1,3,0.1,0.8,5,0.5,150,0.18802950332056684,0.35467357548528333,0.11935017783108641,0.01908703834624413,0.06195156509924566,0.00811058768609212
0.1,3,0.1,0.8,5,0.75,150,0.18397562095934727,0.37900323960679694,0.11493399419016812,0.015055010863683093,0.057188446854996,0.006424519597243705
0.3,3,0,0.5,1,0.5,150,0.2093097934467188,0.26448961197957266,0.13796938174989448,0.013987859676485468,0.07500842454388912,0.007345055051850362
0.3,3,0,0.5,1,0.75,150,0.2021898087415791,0.28554247516757453,0.1280690112680173,0.018892197895653717,0.07430695899212192,0.01010791865203432
0.3,3,0,0.5,5,0.5,150,0.2091779390129876,0.26267025507794817,0.1373813437922653,0.014155696576822738,0.045089815021954964,0.006254570125481845
0.3,3,0,0.5,5,0.75,150,0.2040494004761032,0.2801579806774829,0.1303737677727149,0.019051589041851204,0.07267082414461883,0.008258026368725857
0.3,3,0,0.8,1,0.5,150,0.20702874714842448,0.2786335424947547,0.13715903872426874,0.012344471994615486,0.0724392507982255,0.007277346126073872
0.3,3,0,0.8,1,0.75,150,0.1991069661601174,0.3062157655832384,0.12804540504711093,0.0164949556852622,0.05179248518406509,0.008803504739040634
0.3,3,0,0.8,5,0.5,150,0.21208054638686533,0.24654561271471165,0.13650628405130782,0.015979908550540933,0.06120770987399339,0.00587859208367993
0.3,3,0,0.8,5,0.75,150,0.2035000314270578,0.283670097685525,0.12973737078153239,0.015210755327179621,0.05762434220292205,0.007457163026563095
0.3,3,0.1,0.5,1,0.5,150,0.19893217425329984,0.3076657186876939,0.129876256606466,0.013634512796431752,0.07551604359211449,0.005582608736991889
0.3,3,0.1,0.5,1,0.75,150,0.1957477628584091,0.31152466618543,0.12479794585690351,0.014449694490150516,0.045392575963235496,0.0061948520012842815
0.3,3,0.1,0.5,5,0.5,150,0.20733574884860745,0.2687646346201642,0.13317326058070902,0.020628457646721794,0.07120580319464122,0.009853861087454417
0.3,3,0.1,0.5,5,0.75,150,0.19279256285358984,0.32835828800109707,0.1239565511599727,0.012393605797801155,0.07423627027222368,0.006035830884662161
0.3,3,0.1,0.8,1,0.5,150,0.1962456742365442,0.3214687269590504,0.12840387754313318,0.015201701527027807,0.06235851160558143,0.008061683404828537
0.3,3,0.1,0.8,1,0.75,150,0.19237690677135222,0.3318409064129836,0.122300332220988,0.013786519780842674,0.07920733108066824,0.0067955154220437596
0.3,3,0.1,0.8,5,0.5,150,0.2029382066582792,0.27846924453762584,0.1313123191039339,0.015201282941458125,0.04422308543994304,0.005843403791980939
0.3,3,0.1,0.8,5,0.75,150,0.1914012465857434,0.33916419306719947,0.1219974617981029,0.015429040787447992,0.06568404191231529,0.0080562769462831
0.01,6,0,0.5,1,0.5,150,0.22896503097571622,0.3573855525142488,0.15987456027269134,0.018457490528608688,0.04413543494800671,0.0063140972209978765
0.01,6,0,0.5,1,0.75,150,0.22837155992694078,0.3518864270571502,0.15961603220798054,0.018718071572447727,0.049163991208308735,0.0065598082427348854
0.01,6,0,0.5,5,0.5,150,0.22838261922235803,0.35935735785699974,0.1602957740311697,0.01876721227412516,0.03398221951828545,0.006530834036303102
0.01,6,0,0.5,5,0.75,150,0.22611314088996523,0.37123049989182194,0.15904572744868214,0.018142817780124183,0.042379345154176046,0.006226771441406901
0.01,6,0,0.8,1,0.5,150,0.22554053264343524,0.38480477988523054,0.15850036390035205,0.017683555716958076,0.052596044953091725,0.006341640095773408
0.01,6,0,0.8,1,0.75,150,0.22494044538706956,0.37698615356357246,0.15839976809795198,0.01813463034744457,0.052455645107855296,0.006674271480936746
0.01,6,0,0.8,5,0.5,150,0.22534456538015538,0.38232363991493695,0.15862369730673256,0.018563619718559906,0.03425911069834016,0.007109985401434889
0.01,6,0,0.8,5,0.75,150,0.22349877847417007,0.3907066601916735,0.15816976581794556,0.017249983798893274,0.045067277325355516,0.006114101142761405
0.01,6,0.1,0.5,1,0.5,150,0.2267581560813967,0.3729727804248952,0.15890576363368444,0.018545647243988696,0.041827684057343724,0.006427586968893445
0.01,6,0.1,0.5,1,0.75,150,0.22593713781634142,0.36570424358297443,0.15835740697403994,0.018463431869642527,0.04383354585471344,0.006322497348986305
0.01,6,0.1,0.5,5,0.5,150,0.22647825506036956,0.3681157244288959,0.1584801571447332,0.01880728267320246,0.038100761916022866,0.006359336520854553
0.01,6,0.1,0.5,5,0.75,150,0.22518814029063058,0.3752951277735405,0.15833380793247664,0.01752482920292835,0.04348085308748343,0.005972604313489683
0.01,6,0.1,0.8,1,0.5,150,0.22403989490205697,0.3907975843795667,0.15750898490214366,0.018363638361183553,0.04424676128403591,0.006505123227135503
0.01,6,0.1,0.8,1,0.75,150,0.22296410895081908,0.38694857793266546,0.15760274125140533,0.017664077428973243,0.04606033064883954,0.0060327354788966775
0.01,6,0.1,0.8,5,0.5,150,0.22368418313838204,0.3882733423191616,0.15715110658492587,0.018306704997925912,0.03173125335759103,0.006215310969348759
0.01,6,0.1,0.8,5,0.75,150,0.22139537535079692,0.40190346256233594,0.15655262146933732,0.0172419296429356,0.04162743172768946,0.005586949044781297
0.1,6,0,0.5,1,0.5,150,0.18932228242516738,0.34573720617717035,0.12072576085383413,0.012030643177351431,0.057726559037572005,0.005186068958602365
0.1,6,0,0.5,1,0.75,150,0.19038784142433998,0.3372812887268528,0.11854117145728814,0.016174668092068918,0.05204065467146262,0.0064382747173199716
0.1,6,0,0.5,5,0.5,150,0.19463754860142424,0.3144093118830494,0.12352869744143177,0.014091624339976594,0.04616920953698463,0.006770732165379596
0.1,6,0,0.5,5,0.75,150,0.19018944697730175,0.3413564894119311,0.12005364062326515,0.014830520938358419,0.05821563788944273,0.006145833074437551
0.1,6,0,0.8,1,0.5,150,0.1911510143805519,0.3359070723639312,0.12139979575680236,0.01220323361605516,0.07792819223873243,0.006078920830919702
0.1,6,0,0.8,1,0.75,150,0.1849049492128423,0.3740531554974883,0.11589717770554245,0.011984409862340766,0.06403347154928206,0.005730777821116759
0.1,6,0,0.8,5,0.5,150,0.19241420516864421,0.33023963583207133,0.12208300732858558,0.01374276948870486,0.056063407106859336,0.006641446859078658
0.1,6,0,0.8,5,0.75,150,0.18680254765030946,0.36415400026533495,0.11744481647154117,0.014037687446861395,0.05244999912908395,0.0077715065159049855
0.1,6,0.1,0.5,1,0.5,150,0.18929248456524547,0.34488088465549865,0.11901023951754172,0.013741261742046406,0.06251105700749264,0.006258323530320317
0.1,6,0.1,0.5,1,0.75,150,0.1856825292683014,0.3680307503468381,0.11656360026625731,0.014316340444086957,0.0677372896483038,0.0065977367453576175
0.1,6,0.1,0.5,5,0.5,150,0.191654035441715,0.3321860107045126,0.1218807793192387,0.014516430947577381,0.06358920573106606,0.007122799162136063
0.1,6,0.1,0.5,5,0.75,150,0.18663324655014035,0.36155540750383974,0.11687374045368143,0.014136631366276305,0.054181940953745275,0.006760386975323184
0.1,6,0.1,0.8,1,0.5,150,0.1839037078396022,0.37939661725623125,0.11663663916669623,0.012551344249411744,0.07384779204661805,0.006271011683247447
0.1,6,0.1,0.8,1,0.75,150,0.1849663293814302,0.3748712126282936,0.1158725252870919,0.01373411063705193,0.052579171031506486,0.005955646710322953
0.1,6,0.1,0.8,5,0.5,150,0.18804977326216807,0.35616823887810084,0.11819797261850636,0.015365019904161075,0.05282388537009596,0.007503179496617581
0.1,6,0.1,0.8,5,0.75,150,0.18384820609424768,0.3798332549231498,0.1157749137152452,0.014653293455392393,0.051413369863015354,0.005764906038904309
0.3,6,0,0.5,1,0.5,150,0.2074876871320389,0.2631994167424816,0.13662052341038342,0.017025767961468038,0.10530751755296082,0.008494738306032378
0.3,6,0,0.5,1,0.75,150,0.20222529186262844,0.28079157827050505,0.1278553981539718,0.017843865435580267,0.04859427968502486,0.007971670750363308
0.3,6,0,0.5,5,0.5,150,0.20966179897973844,0.25894266617902717,0.1404917661169317,0.015406298252051646,0.045679678289800546,0.008588433379464593
0.3,6,0,0.5,5,0.75,150,0.20318356150012812,0.2776739317613926,0.13001141062161622,0.01693882714396258,0.06569910728175997,0.007255985250236728
0.3,6,0,0.8,1,0.5,150,0.20713670605541126,0.26702508145572945,0.13505636254345807,0.014996702283276897,0.05573576282365336,0.006989315979994121
0.3,6,0,0.8,1,0.75,150,0.1972821435706516,0.31170112507772824,0.127282453573972,0.013563567717700994,0.07319371008690836,0.007021186902420807
0.3,6,0,0.8,5,0.5,150,0.21056575579594977,0.2587865066220214,0.1391621555469748,0.013268357411838268,0.06713925670664322,0.008009786869493492
0.3,6,0,0.8,5,0.75,150,0.195065279908543,0.3256519410908258,0.12678344807193795,0.020856925752220378,0.0691405715001974,0.010930316251284142
0.3,6,0.1,0.5,1,0.5,150,0.2029182906250933,0.27776744440265805,0.13188462850946958,0.015734672119420687,0.08064132518408529,0.007668834267369486
0.3,6,0.1,0.5,1,0.75,150,0.19630893950200498,0.30727798897021946,0.1250307506391197,0.016658901733106926,0.07616877989319724,0.00921187997162449
0.3,6,0.1,0.5,5,0.5,150,0.20812784301370826,0.2559112459676124,0.135252753094019,0.018432407321661928,0.06554991568761141,0.00955758204031568
0.3,6,0.1,0.5,5,0.75,150,0.19455115224917954,0.31865191835188755,0.12415732956404645,0.016766836905575764,0.06982056149876228,0.006539803959413297
0.3,6,0.1,0.8,1,0.5,150,0.2011731274916477,0.29704476105892125,0.13131490263014908,0.01785422344305352,0.06229553520332849,0.008460681475112936
0.3,6,0.1,0.8,1,0.75,150,0.19179217828574752,0.3423976105331098,0.12188194618176527,0.01689529416861887,0.06812752396065394,0.008703286743759591
0.3,6,0.1,0.8,5,0.5,150,0.20402722181590152,0.28003119522174647,0.1333999943843702,0.015155305173041086,0.06544138132575314,0.009306441626764786
0.3,6,0.1,0.8,5,0.75,150,0.1937182334799793,0.3285365189535021,0.12371342332691,0.01680539709157039,0.056553420761804474,0.008805344308497139
0.01,9,0,0.5,1,0.5,150,0.2327486006971388,0.3416111646225234,0.16334799923510399,0.018232807513474305,0.051862960156268456,0.006480490254170014
0.01,9,0,0.5,1,0.75,150,0.23116286571437464,0.34342980454774624,0.16233892759778476,0.018919308342474118,0.0483038797900833,0.006673560525171789
0.01,9,0,0.5,5,0.5,150,0.2303095503559086,0.35500077369510785,0.16272210118237043,0.018065725310999432,0.04060818278286146,0.005881931642068677
0.01,9,0,0.5,5,0.75,150,0.22759401036047355,0.3708517880290786,0.1609905757982382,0.01736936549621456,0.045046574190429914,0.006190364928013605
0.01,9,0,0.8,1,0.5,150,0.22853678859734808,0.3736395357697972,0.16070234462777486,0.018518361842789263,0.048347619585380655,0.006781523782568876
0.01,9,0,0.8,1,0.75,150,0.22730946048863393,0.37161156920002236,0.16046345748585955,0.018759923980061717,0.06092954250499981,0.006950905569087812
0.01,9,0,0.8,5,0.5,150,0.22685470955126474,0.3801082827800128,0.1607939937614923,0.017986117249932345,0.039784277158560755,0.00698658035429735
0.01,9,0,0.8,5,0.75,150,0.22476060067950387,0.39016853906297283,0.1597433697977909,0.016983281815240864,0.04392646527998945,0.0061356162743059295
0.01,9,0.1,0.5,1,0.5,150,0.22755036510523813,0.36542837843539977,0.1594878385674687,0.01789799303187549,0.045446052310748,0.006426454071931972
0.01,9,0.1,0.5,1,0.75,150,0.22683134232888913,0.3606831755767121,0.1589495787719156,0.01770319673238499,0.04649229295195496,0.006118758406124496
0.01,9,0.1,0.5,5,0.5,150,0.22618554059725118,0.3691351948566902,0.1584882020954927,0.01824254796356115,0.040963336611706466,0.005745818947096004
0.01,9,0.1,0.5,5,0.75,150,0.22529113209825244,0.37330630443299645,0.15824616689720553,0.017716837162907912,0.04249788121555445,0.005905597943303593
0.01,9,0.1,0.8,1,0.5,150,0.22397190260305824,0.3909439887306956,0.15751073000867377,0.017693335684112913,0.04322855232835922,0.006479250649352139
0.01,9,0.1,0.8,1,0.75,150,0.22344872840942248,0.3822153140031722,0.1576253937310488,0.017319670635846537,0.048976192804441716,0.006160452799342132
0.01,9,0.1,0.8,5,0.5,150,0.22362645801499845,0.38852614956616,0.1572043852034258,0.01809937027914623,0.03211244306131577,0.0060303081217511975
0.01,9,0.1,0.8,5,0.75,150,0.22199154228872867,0.3994281021532386,0.15706011310227683,0.017229389350992056,0.04004459476535681,0.005623268552006615
0.1,9,0,0.5,1,0.5,150,0.19182561319307606,0.3298755633674708,0.12176775809939233,0.011156259388054266,0.06835409410763782,0.005879704079874555
0.1,9,0,0.5,1,0.75,150,0.19145956080136572,0.3313960442368129,0.12005197781551129,0.01391055054649668,0.05369974158389049,0.005669969966968262
0.1,9,0,0.5,5,0.5,150,0.19416992185725465,0.317891397581932,0.12347227824713604,0.014563470887548464,0.0576826542612529,0.00702674252071083
0.1,9,0,0.5,5,0.75,150,0.19047653483428376,0.3378630466184478,0.11937266775148729,0.014432490918471689,0.06121748992176014,0.005904074014439534
0.1,9,0,0.8,1,0.5,150,0.186380116619363,0.3658473803950123,0.11865137290627033,0.013925857736857655,0.057781754880816626,0.006201117348829424
0.1,9,0,0.8,1,0.75,150,0.18643596763334128,0.36469387415583493,0.11716318656366033,0.011108358070583697,0.07888973740175463,0.006007650596388796
0.1,9,0,0.8,5,0.5,150,0.19323238466975384,0.32655349405157585,0.12326312365159804,0.014107821254749155,0.047637791669605585,0.006833021647345624
0.1,9,0,0.8,5,0.75,150,0.18743158541253607,0.3626138847372429,0.11905494281471382,0.01350984281690247,0.06292895216177725,0.00740433263905806
0.1,9,0.1,0.5,1,0.5,150,0.18593976699313458,0.36428588675120505,0.1172479360213061,0.013208267688033985,0.06312801216766464,0.0052923154134886545
0.1,9,0.1,0.5,1,0.75,150,0.18577864709720346,0.36493625775515,0.11625741768630735,0.013761942361965259,0.05985824085871978,0.0052608515333516254
0.1,9,0.1,0.5,5,0.5,150,0.19091365097004023,0.3347476515739034,0.12015585016845874,0.014778845637795043,0.050077409714676085,0.006705330596107724
0.1,9,0.1,0.5,5,0.75,150,0.189400723829224,0.3476164688617998,0.11800099894201317,0.014960221665684342,0.06911145310906175,0.007051367491223696
0.1,9,0.1,0.8,1,0.5,150,0.18585150996092928,0.3681047914047399,0.1179905756689894,0.01517784800348113,0.08176118722732592,0.0067519030707689845
0.1,9,0.1,0.8,1,0.75,150,0.18307328346572335,0.38500833306393933,0.1159285273046179,0.013020590386144079,0.0576320544026088,0.005698066645132083
0.1,9,0.1,0.8,5,0.5,150,0.1905217895871571,0.34046506041751623,0.12019948183982346,0.013780598801300144,0.04959159516348278,0.005462643142845817
0.1,9,0.1,0.8,5,0.75,150,0.18381427253500357,0.38328971649051863,0.11521577539209345,0.014469850621512764,0.058858088285483286,0.006913402263248669
0.3,9,0,0.5,1,0.5,150,0.2144972368588038,0.22422511162418998,0.13980157162464624,0.016139025423139258,0.07198505531834397,0.008241950695215952
0.3,9,0,0.5,1,0.75,150,0.20253122472063959,0.277887999562124,0.1292673149627082,0.01623219199205929,0.05054395055865857,0.007514510473706006
0.3,9,0,0.5,5,0.5,150,0.20852130566754995,0.26193018615244246,0.13993294695302508,0.01609363290384441,0.06627651986751755,0.0074054773738094284
0.3,9,0,0.5,5,0.75,150,0.2011501124716853,0.2867394959542747,0.12836472026128967,0.017463394796206743,0.053573610366759235,0.009584692212822484
0.3,9,0,0.8,1,0.5,150,0.2033777192909056,0.2867550334478519,0.1338206597830401,0.013683497080526812,0.05197679317694768,0.005468110863945588
0.3,9,0,0.8,1,0.75,150,0.19956172677902254,0.29311681667353373,0.12684618511631762,0.010581976425136454,0.07552298003610086,0.005605793074955546
0.3,9,0,0.8,5,0.5,150,0.21144445562024447,0.253260352226031,0.13965729117855175,0.01456440243596661,0.05414387972060866,0.008797388003334461
0.3,9,0,0.8,5,0.75,150,0.19759691028225612,0.31660950620781075,0.1278833967766558,0.014932394125322355,0.05444814787043169,0.006509911951327501
0.3,9,0.1,0.5,1,0.5,150,0.20066599228639947,0.28771369672210934,0.13022634285493173,0.016233387910777507,0.05118248603974285,0.008310446475077277
0.3,9,0.1,0.5,1,0.75,150,0.1954117339160652,0.31216367074350204,0.12447790610160522,0.012078673595776841,0.07585941799604955,0.006859069356305964
0.3,9,0.1,0.5,5,0.5,150,0.20463719563490435,0.2707327110447661,0.13299109358715383,0.013892306350161166,0.056225966763472926,0.008131353833179061
0.3,9,0.1,0.5,5,0.75,150,0.1959837018605901,0.30872356974179727,0.1245047526141724,0.013765478725301305,0.05184751961557015,0.007135338180192653
0.3,9,0.1,0.8,1,0.5,150,0.20023101939729215,0.2954136981643905,0.13023110256727424,0.012165796074001336,0.06244793547425143,0.005630965642457794
0.3,9,0.1,0.8,1,0.75,150,0.19050996287120303,0.3457844292496537,0.12196380255047244,0.011784411342429194,0.06789257155246689,0.005574837408170731
0.3,9,0.1,0.8,5,0.5,150,0.20109575473143823,0.2947290038258863,0.13313824782386804,0.014901155996504918,0.07601051507294629,0.010511344377573877
0.3,9,0.1,0.8,5,0.75,150,0.19103138381233223,0.34272768575737955,0.12202004480605194,0.015494305791848725,0.052330911064143275,0.007144174641811605
0.01,3,0,0.5,1,0.5,200,0.20259888285278507,0.37741740249901484,0.13101173092351592,0.017408502025539355,0.03883995311579376,0.005137428494832326
0.01,3,0,0.5,1,0.75,200,0.20164345535634673,0.3791726553878915,0.13068561059782774,0.017296244326450542,0.041178684031952004,0.0051678239204503785
0.01,3,0,0.5,5,0.5,200,0.20286877183108512,0.375287498158911,0.13077642504795808,0.018777007402962138,0.04109916087982045,0.005717946673621187
0.01,3,0,0.5,5,0.75,200,0.20074721204153234,0.38668635924577494,0.1302139404546497,0.01831991720236323,0.03981032873723444,0.005519674546668203
0.01,3,0,0.8,1,0.5,200,0.19872800521707631,0.4055930989710756,0.12938014472492856,0.016890012473407948,0.03785971640272674,0.005288719084049359
0.01,3,0,0.8,1,0.75,200,0.1970575665719248,0.41052157217229057,0.12922562542800797,0.01644486061616297,0.0447486214077327,0.005461907521431947
0.01,3,0,0.8,5,0.5,200,0.1995088034924441,0.39807798890214297,0.1295061745592518,0.0173338181361355,0.034189416474655183,0.005385303975787804
0.01,3,0,0.8,5,0.75,200,0.19728387523970453,0.4100276934394219,0.12923881976015741,0.016484666713204085,0.04119134545098417,0.00519389386508927
0.01,3,0.1,0.5,1,0.5,200,0.20199287442958486,0.38195102868332786,0.13059547184658843,0.017630870954055033,0.046058882558571435,0.005232604635512976
0.01,3,0.1,0.5,1,0.75,200,0.2009728438769337,0.3842881890897234,0.1302765468435327,0.017895772116168107,0.03716404910774429,0.0053118463554845475
0.01,3,0.1,0.5,5,0.5,200,0.20215184263811273,0.3769611340381096,0.13050154079933413,0.01794776346590791,0.039552758001835435,0.005311418071873915
0.01,3,0.1,0.5,5,0.75,200,0.20039535686266255,0.3883774029323463,0.13004432230030238,0.01773774603075528,0.036157301098984226,0.005228277115400859
0.01,3,0.1,0.8,1,0.5,200,0.19839153311408284,0.4063845526003909,0.12945792753995178,0.0163465865262748,0.043254074820226744,0.005227298347351362
0.01,3,0.1,0.8,1,0.75,200,0.1966184879884391,0.4133454715483099,0.12933922148834917,0.016030061279196647,0.04575669495525141,0.005323432242017291
0.01,3,0.1,0.8,5,0.5,200,0.1999645688445196,0.3928898434313011,0.12995600628841453,0.017626488628032996,0.037097592014345974,0.005467492762383294
0.01,3,0.1,0.8,5,0.75,200,0.1969758543536357,0.411331388378233,0.1289137404693105,0.016571542045750128,0.039236472011364064,0.005089555613732433
0.1,3,0,0.5,1,0.5,200,0.19131922470076923,0.33317921593798755,0.12207882205791402,0.012854736410866749,0.07280553544411678,0.006306601829337748
0.1,3,0,0.5,1,0.75,200,0.18730926068734793,0.3565516746330711,0.11705322552446101,0.014192046277844192,0.05871284257703247,0.006828086278922367
0.1,3,0,0.5,5,0.5,200,0.19345489426304027,0.3227977398301829,0.1231879061051102,0.016342356056878032,0.07117108204326146,0.0062300956824732565
0.1,3,0,0.5,5,0.75,200,0.1883238924000267,0.3531997577616343,0.11886499337698954,0.01441737726536962,0.06888137253317518,0.006172807543691144
0.1,3,0,0.8,1,0.5,200,0.18707075460812175,0.3634937540881939,0.11935918755438236,0.012651889642848607,0.06921957413524145,0.006763938181462096
0.1,3,0,0.8,1,0.75,200,0.18662715420329512,0.3645580164190257,0.11775575854968182,0.015734535839315382,0.06194473427475793,0.0073711545317978345
0.1,3,0,0.8,5,0.5,200,0.19240444815830224,0.33192420905781234,0.12259939649789137,0.015922521939527326,0.05701463782466879,0.006236960590655233
0.1,3,0,0.8,5,0.75,200,0.18807820520237684,0.356881981972489,0.11882165598732118,0.016519902357099,0.057142355935123165,0.007229475268660011
0.1,3,0.1,0.5,1,0.5,200,0.1870764995642026,0.3577787932443086,0.11903896704501896,0.012979050336155233,0.05228266730271179,0.006693698449388971
0.1,3,0.1,0.5,1,0.75,200,0.18742399449378028,0.35421592813613684,0.11732873551651432,0.013157021364831073,0.07476941280608933,0.006844299899739447
0.1,3,0.1,0.5,5,0.5,200,0.19168361089871871,0.33093842974911936,0.12213777498862298,0.014661625440204457,0.05968416276953291,0.007331691187200336
0.1,3,0.1,0.5,5,0.75,200,0.1879731790007616,0.35316455385920303,0.1180258624896742,0.015197854299057725,0.06325924323246013,0.007512232818618458
0.1,3,0.1,0.8,1,0.5,200,0.18591354678142955,0.3651396497131574,0.11792568658427009,0.01593958836821642,0.06931049646160214,0.006794021924195721
0.1,3,0.1,0.8,1,0.75,200,0.1835392554695227,0.38030535548493954,0.11568389089639211,0.01404151763958451,0.06911958189457192,0.007123181793181042
0.1,3,0.1,0.8,5,0.5,200,0.18878044320473844,0.3520076024884379,0.11985681023654743,0.019010487836192323,0.061103395554391496,0.007878275619646977
0.1,3,0.1,0.8,5,0.75,200,0.18464464231652492,0.37538454877546523,0.1153009162774226,0.015429073953612812,0.05676172171246193,0.006455033445578527
0.3,3,0,0.5,1,0.5,200,0.21006901826756172,0.2625433121216899,0.13870619273493281,0.013742417245677445,0.07159753457139828,0.007427673602333873
0.3,3,0,0.5,1,0.75,200,0.2029556353904486,0.2821943362221076,0.12836374447661267,0.018819978317173882,0.07393837668511187,0.010051677601843858
0.3,3,0,0.5,5,0.5,200,0.21067659170970693,0.25667784639100505,0.13895917798392615,0.01354037997057187,0.04564482707988797,0.006577067738551443
0.3,3,0,0.5,5,0.75,200,0.2045680124008726,0.27838366824362065,0.1308698103016062,0.018937843937583413,0.07122251912231324,0.007914025659683644
0.3,3,0,0.8,1,0.5,200,0.20744563521121162,0.2779896304849136,0.1380395372770879,0.01247487907858938,0.07108390159324844,0.007258301184629214
0.3,3,0,0.8,1,0.75,200,0.199792239502365,0.3030626089742752,0.1284382244429412,0.016411019767312143,0.051897918387035266,0.008578979597875102
0.3,3,0,0.8,5,0.5,200,0.21336105110073134,0.243061322324148,0.13756313855336258,0.015832254377918218,0.05988906416278884,0.005758504833756201
0.3,3,0,0.8,5,0.75,200,0.20401880959621757,0.2816931947387081,0.13009654262085818,0.01505454297565391,0.05917634325796519,0.00759575473538765
0.3,3,0.1,0.5,1,0.5,200,0.19943361214551114,0.3053450457534081,0.13014783818757264,0.014049851902012937,0.07879408475678623,0.006147288561708776
0.3,3,0.1,0.5,1,0.75,200,0.1954728573142427,0.3139191756342741,0.1248479226535901,0.014243553108873522,0.04803070687624125,0.006115294504906157
0.3,3,0.1,0.5,5,0.5,200,0.20792246301699188,0.26592222035174107,0.1338703733208798,0.02037049424000191,0.06715837136097985,0.009868592382804861
0.3,3,0.1,0.5,5,0.75,200,0.19346275813911804,0.3249002398917888,0.12443536877001024,0.012063036909050154,0.07150278076262605,0.005788073873889103
0.3,3,0.1,0.8,1,0.5,200,0.1963276831001401,0.32086595081666897,0.12904031496338234,0.015389026071278138,0.06216017380372057,0.00790839493083193
0.3,3,0.1,0.8,1,0.75,200,0.19276045219630278,0.32977345199200997,0.12259139109886705,0.013656398953947884,0.07833780624033053,0.006657965476250313
0.3,3,0.1,0.8,5,0.5,200,0.2028508781598928,0.27975238445161527,0.1315830804322618,0.014077217782237642,0.04582406618828735,0.005839214072828932
0.3,3,0.1,0.8,5,0.75,200,0.19157147394357232,0.33897761786486913,0.12231755429364612,0.01525679002386135,0.06356257361002256,0.008157589510687844
0.01,6,0,0.5,1,0.5,200,0.20438887134041978,0.3660932050236055,0.13140402232417492,0.017636657964811696,0.04723712178494868,0.005295168319050692
0.01,6,0,0.5,1,0.75,200,0.20444358414003727,0.35846779430423364,0.13162839520240366,0.018024414862768002,0.04820682194322872,0.0058254774069235815
0.01,6,0,0.5,5,0.5,200,0.20425308285820692,0.36456562638746787,0.13170557796439739,0.01776306497150421,0.03509929311892778,0.005330634366680021
0.01,6,0,0.5,5,0.75,200,0.2016880339046696,0.37975215633923437,0.13050746485189008,0.017172065500638368,0.043371547004753416,0.005529401892104634
0.01,6,0,0.8,1,0.5,200,0.2003970525359188,0.3939076615752148,0.1298605201992022,0.016463583880019738,0.05532639522202401,0.005270541707969332
0.01,6,0,0.8,1,0.75,200,0.20054318036115562,0.38449015140294296,0.1305353735877322,0.01708863170976194,0.05367206429058221,0.005742325406312227
0.01,6,0,0.8,5,0.5,200,0.20096424180555011,0.3886351793090674,0.1302497741308838,0.017480543138661517,0.035769806180813934,0.005724628097919211
0.01,6,0,0.8,5,0.75,200,0.1989720863589297,0.3979701461567463,0.1299458125715322,0.01597809288198234,0.048791344833079994,0.0056176885921907
0.01,6,0.1,0.5,1,0.5,200,0.2024060616120615,0.3795040879688563,0.13057813162667437,0.017509573508309218,0.04270496291796522,0.005597477849555306
0.01,6,0.1,0.5,1,0.75,200,0.2020008018721284,0.37307652209679554,0.13062860453558187,0.017479579996073063,0.042984456479237695,0.005392657655417034
0.01,6,0.1,0.5,5,0.5,200,0.20265013485308705,0.37373493964008625,0.13030160587541584,0.01817648127404496,0.04035370006330344,0.005569074968791608
0.01,6,0.1,0.5,5,0.75,200,0.20089829356773894,0.384453701609015,0.13012463412321867,0.01680488842848335,0.046406904376360567,0.00539442706391489
0.01,6,0.1,0.8,1,0.5,200,0.19953467288242843,0.3980029130597391,0.12975781263817154,0.017348119736784427,0.04688482994513997,0.005611355935223766
0.01,6,0.1,0.8,1,0.75,200,0.19832779992260732,0.3971963740457143,0.12985350514077998,0.01645969546580205,0.04925648818544577,0.005273951350847966
0.01,6,0.1,0.8,5,0.5,200,0.19963508019188272,0.3935283371458068,0.1290576859816766,0.017581227760516724,0.03289946109290209,0.005322582242563417
0.01,6,0.1,0.8,5,0.75,200,0.19700720191296567,0.40968176408135926,0.12888256411856613,0.0158284264547415,0.045135772876924454,0.004963327225004869
0.1,6,0,0.5,1,0.5,200,0.18968175575662108,0.34375215552186617,0.12099270282446963,0.012274448107950017,0.05740674297974071,0.0054886944092142915
0.1,6,0,0.5,1,0.75,200,0.19052155449343605,0.33654274231994746,0.11870628517025628,0.016185054756125593,0.052029154143960386,0.0064720101130665
0.1,6,0,0.5,5,0.5,200,0.19584132762407816,0.30913660794219117,0.12447747337434394,0.014568315413310537,0.04951158626025073,0.007016918357680971
0.1,6,0,0.5,5,0.75,200,0.1905712061474466,0.3393818190263742,0.12024341234662572,0.014992274896146707,0.05981269009552042,0.006367062612602438
0.1,6,0,0.8,1,0.5,200,0.19151841943615647,0.3342111690418249,0.12179655674200614,0.012215484801542853,0.07670114964778825,0.005990330955339594
0.1,6,0,0.8,1,0.75,200,0.1850611033155423,0.37301798179089163,0.11600445437915118,0.011956494054444856,0.06411236820329748,0.005728900981930314
0.1,6,0,0.8,5,0.5,200,0.19342297010907672,0.32502814614901243,0.12264112806377601,0.013898923553665335,0.058066242843504354,0.00662924568748942
0.1,6,0,0.8,5,0.75,200,0.18718872630198935,0.36213936822741727,0.11784726884429145,0.013931985027265604,0.05265958733227864,0.007739986804504231
0.1,6,0.1,0.5,1,0.5,200,0.18942514868171398,0.34464679047551766,0.11926563536636281,0.013624028203023863,0.06263650225989582,0.006272692753177223
0.1,6,0.1,0.5,1,0.75,200,0.1858366298613547,0.3670155420071469,0.11677727533906601,0.01431849597003603,0.0683603005644416,0.006570413727522644
0.1,6,0.1,0.5,5,0.5,200,0.1917644542324957,0.33207814707363276,0.12192773664037203,0.014966119049783545,0.062160711024866526,0.007429836912382816
0.1,6,0.1,0.5,5,0.75,200,0.18669300717799764,0.3615101026727963,0.1170334484748252,0.014025364703573776,0.05658005564641028,0.0067832605319453005
0.1,6,0.1,0.8,1,0.5,200,0.1842582150231345,0.37710436913024387,0.11700187783241799,0.012247442166531263,0.07407879824036367,0.006170051091448972
0.1,6,0.1,0.8,1,0.75,200,0.18506438230923522,0.3740710690765946,0.11596414705368066,0.01364996067340945,0.05252392327708289,0.005881149845363078
0.1,6,0.1,0.8,5,0.5,200,0.18819988617719202,0.3556052880945336,0.11831858942656867,0.015665182501896267,0.0532391386381194,0.007348148931093823
0.1,6,0.1,0.8,5,0.75,200,0.18394038412098734,0.3792375930487134,0.11586557768305458,0.014573814472054265,0.05178962022389961,0.005651049998228505
0.3,6,0,0.5,1,0.5,200,0.20749172178485265,0.2631697680148067,0.13662157363712163,0.017029201965804697,0.105333958616539,0.008488970491192198
0.3,6,0,0.5,1,0.75,200,0.20222463353084524,0.2807922108570635,0.1278551932827926,0.017846105772967726,0.048591679373364505,0.007970824936642919
0.3,6,0,0.5,5,0.5,200,0.2097113541704962,0.2586488984612576,0.1405052207365378,0.01546680318777913,0.04554118477849559,0.008552085425340986
0.3,6,0,0.5,5,0.75,200,0.20319243236382503,0.2776310016614627,0.13002467021914266,0.01693811012787151,0.06568824842302223,0.007259785257522674
0.3,6,0,0.8,1,0.5,200,0.20714181830900028,0.26701832494631755,0.13507014040756934,0.014991256899881903,0.055761197135235994,0.006990293295785815
0.3,6,0,0.8,1,0.75,200,0.1972828989793644,0.31169897709742994,0.12728089141658433,0.013565311534573512,0.0731963951525987,0.007021040600317309
0.3,6,0,0.8,5,0.5,200,0.21063766578868143,0.25843504283290264,0.13920145199767026,0.013275780743722447,0.06689463883583557,0.007963039258863738
0.3,6,0,0.8,5,0.75,200,0.19506649173165252,0.32564972178695417,0.12678198071978874,0.020856052978964625,0.06912890121905789,0.010926021341663407
0.3,6,0.1,0.5,1,0.5,200,0.20329741433433995,0.276980348666541,0.13203967089741953,0.016171316770230718,0.08120373869949124,0.007873870617500885
0.3,6,0.1,0.5,1,0.75,200,0.1963864839599862,0.30703402664336743,0.12507776005835455,0.016791767030452147,0.07597046126262265,0.009298838850459774
0.3,6,0.1,0.5,5,0.5,200,0.20811489870725464,0.25648908080984073,0.13541325510441646,0.01892236031844977,0.06814679729935066,0.010063924328859001
0.3,6,0.1,0.5,5,0.75,200,0.19432914094910603,0.32020870931068673,0.12403471972903579,0.016692882471436223,0.07005392344754231,0.006549338881073866
0.3,6,0.1,0.8,1,0.5,200,0.20173826875667378,0.29499635849538697,0.13162216135606108,0.018328080044711568,0.06524911089129422,0.008781576317994283
0.3,6,0.1,0.8,1,0.75,200,0.19198820300204114,0.34146446074982373,0.12212905099431816,0.01677644898871652,0.06829494603177717,0.008559496965865871
0.3,6,0.1,0.8,5,0.5,200,0.20387536522220348,0.28078044112900624,0.13368697696059126,0.014957859437310594,0.06634369735264764,0.009276419838604982
0.3,6,0.1,0.8,5,0.75,200,0.19363093368127898,0.3289499319526664,0.12375899851633129,0.016695728242425784,0.05573578488036762,0.00893195159458636
0.01,9,0,0.5,1,0.5,200,0.2077586285488294,0.3502100161938318,0.1341220732591386,0.01738902097805481,0.052111738017681014,0.0054582318530468615
0.01,9,0,0.5,1,0.75,200,0.20700688745952367,0.34919639936500924,0.13392870342785076,0.018069442931165924,0.04771165827888033,0.005474932672820231
0.01,9,0,0.5,5,0.5,200,0.20555586249120705,0.3616670145611387,0.1332584262440779,0.017480175959350773,0.04134260728614782,0.005357344981812152
0.01,9,0,0.5,5,0.75,200,0.2031742933939468,0.3761597094756313,0.13238331977751425,0.016753124216270864,0.046729830090229775,0.005681676702277755
0.01,9,0,0.8,1,0.5,200,0.20299099273368343,0.38484774489350876,0.13182674537941927,0.016797309014889704,0.05242208359202916,0.005404152738977908
0.01,9,0,0.8,1,0.75,200,0.20275754398546006,0.37733667200066373,0.13217048944813464,0.017541746851294976,0.062113493693577576,0.0058523591253356174
0.01,9,0,0.8,5,0.5,200,0.20203071132619607,0.38620824663646935,0.13174812113862192,0.017105556393575583,0.0397526048650591,0.005820092600389006
0.01,9,0,0.8,5,0.75,200,0.1999489648331771,0.39733676257942185,0.13114778573662467,0.015523232097878287,0.047088403016380204,0.005312192530870668
0.01,9,0.1,0.5,1,0.5,200,0.20309837541296488,0.3735204851913902,0.13113431098522585,0.01696145172901421,0.046240948923249814,0.005649975003186299
0.01,9,0.1,0.5,1,0.75,200,0.20258554444225713,0.3705309734704388,0.1309690928177771,0.01659902552697196,0.04753460301042929,0.005150913307705653
0.01,9,0.1,0.5,5,0.5,200,0.202401687172847,0.3745234562320398,0.13028882742759101,0.01772625956124864,0.041844327361392264,0.004991670381129487
0.01,9,0.1,0.5,5,0.75,200,0.20133130704309452,0.3802204510808742,0.13030839865100421,0.017080175436997427,0.04225276450630176,0.005146979715006745
0.01,9,0.1,0.8,1,0.5,200,0.1989403748180021,0.4012560080047523,0.12938918776418606,0.01620078889044218,0.04883890296125188,0.005803294612918845
0.01,9,0.1,0.8,1,0.75,200,0.19890388836692913,0.39238599902442134,0.12989622419784477,0.016186488719005156,0.048958857124495846,0.00546162956283132
0.01,9,0.1,0.8,5,0.5,200,0.19942186652584765,0.3946314380369853,0.1291190595418845,0.017038451249958893,0.036168102324545114,0.005256647906622609
0.01,9,0.1,0.8,5,0.75,200,0.19755088916909586,0.40485184525403006,0.12897536868105708,0.016149814719964798,0.04320950824390655,0.00517031917000307
0.1,9,0,0.5,1,0.5,200,0.19195021890026714,0.32925176340077433,0.12185382601479362,0.011136867342953393,0.06790715562182628,0.005826505688606391
0.1,9,0,0.5,1,0.75,200,0.191454458839228,0.33143995520787906,0.12005299679718105,0.013912812657030245,0.05379548172189471,0.005679281953221974
0.1,9,0,0.5,5,0.5,200,0.19498661376438817,0.31449260332113144,0.12425331886650526,0.014694793533496791,0.05663131517909854,0.0069905713504061166
0.1,9,0,0.5,5,0.75,200,0.1907262009084942,0.3365798635397105,0.11952881676884093,0.014354009185220952,0.06223284662309226,0.0059335484867137364
0.1,9,0,0.8,1,0.5,200,0.18655272456470537,0.36495437595731867,0.11876389262346605,0.014007547774214046,0.059714428916293597,0.006212061574466077
0.1,9,0,0.8,1,0.75,200,0.1864388268020741,0.3646635969764233,0.11717261213152737,0.011113525235506783,0.07899236807162896,0.006016122281078008
0.1,9,0,0.8,5,0.5,200,0.19418253649325884,0.32187889886483945,0.12394202318682745,0.014561985466850813,0.04898989089707647,0.007109426078498609
0.1,9,0,0.8,5,0.75,200,0.18766030431071093,0.36131925115779495,0.1191914115055538,0.013497768765578724,0.06310272375198206,0.007326309804533204
0.1,9,0.1,0.5,1,0.5,200,0.18605934651751077,0.3637886174668023,0.11741973558031926,0.013376133227261897,0.06370220127435476,0.0052790411139195595
0.1,9,0.1,0.5,1,0.75,200,0.185898069346731,0.36406930115428204,0.11634271722000611,0.013752650409066602,0.05981161276125,0.0053078530912677585
0.1,9,0.1,0.5,5,0.5,200,0.19120455565620278,0.33317372306012444,0.1204249978613602,0.014886143809217161,0.051447608180555306,0.0066795914422799404
0.1,9,0.1,0.5,5,0.75,200,0.18975678908560192,0.3454486400991141,0.11834849216868637,0.0148029615680719,0.06919998301692715,0.00686442231568691
0.1,9,0.1,0.8,1,0.5,200,0.18593586035712,0.367984205615219,0.11821020969490745,0.015233755985699806,0.0817481347251032,0.006728022801978313
0.1,9,0.1,0.8,1,0.75,200,0.18325485795249277,0.3838690161800074,0.11613298385246369,0.012994299996077395,0.057548343157905926,0.00575342725283742
0.1,9,0.1,0.8,5,0.5,200,0.1907890010660658,0.33917055777926297,0.12044449038127304,0.013710797867773598,0.05030220012086191,0.005473491579232791
0.1,9,0.1,0.8,5,0.75,200,0.18399811805103397,0.38231369481298444,0.11535385873953458,0.014429802321156114,0.059644654903672,0.006989916166153806
0.3,9,0,0.5,1,0.5,200,0.21449684810184955,0.2242290063536292,0.13980259722184593,0.016135657571825054,0.071969205385334,0.008239095696199208
0.3,9,0,0.5,1,0.75,200,0.20253105866839552,0.27788856957109237,0.12926732978806374,0.01623240648966297,0.05054604918882209,0.0075149210569529536
0.3,9,0,0.5,5,0.5,200,0.20869697484296026,0.2614560772064185,0.140044447679741,0.0161043616693188,0.06633520228275355,0.0075084445944205115
0.3,9,0,0.5,5,0.75,200,0.20114767649251264,0.28675778735412755,0.12836319625110987,0.017450454552895334,0.05350407078041604,0.009569891556510387
0.3,9,0,0.8,1,0.5,200,0.20337573372358222,0.28676579764020965,0.13382057740368455,0.013685142959769919,0.05198144075203402,0.005468043304508021
0.3,9,0,0.8,1,0.75,200,0.19956262356943072,0.2931127143454706,0.12684579519148087,0.010579874202470535,0.0755184734012874,0.0056056286955733885
0.3,9,0,0.8,5,0.5,200,0.21152071236188824,0.2528435654118725,0.13967839846150223,0.014508025384396946,0.05371485110039356,0.008745992416798734
0.3,9,0,0.8,5,0.75,200,0.19759994070796716,0.3165865034874032,0.12788561794891037,0.014956847837168474,0.05445706746707708,0.006517505788153577
0.3,9,0.1,0.5,1,0.5,200,0.20081916278163905,0.28711360008873266,0.1304375526263093,0.01688538726306343,0.05176302468286659,0.008583288334280275
0.3,9,0.1,0.5,1,0.75,200,0.19542230351927317,0.3116505416511946,0.12469808897374667,0.012050670117231682,0.07590752631034249,0.006840380110587726
0.3,9,0.1,0.5,5,0.5,200,0.20478248025097243,0.2697280666571374,0.13325405067451235,0.014177927757537019,0.057479402552719064,0.008408735965605837
0.3,9,0.1,0.5,5,0.75,200,0.19605187481763806,0.3086789722347577,0.12443707553535804,0.013952098936169157,0.05188781375577899,0.007185397100463166
0.3,9,0.1,0.8,1,0.5,200,0.20024239530522164,0.2952737680706705,0.13031957075879483,0.01204113228236817,0.06279970055736456,0.005446842637292777
0.3,9,0.1,0.8,1,0.75,200,0.1904388964874256,0.3464520040701948,0.12191298883083278,0.012045587791666236,0.06695739470387964,0.0058091635669271745
0.3,9,0.1,0.8,5,0.5,200,0.20132673802762363,0.29384448850964645,0.13348583171156808,0.015423830737621798,0.07599433056517632,0.010728751746234225
0.3,9,0.1,0.8,5,0.75,200,0.19109455020953373,0.34275976047306517,0.12223143585706184,0.015494275305452491,0.05235429900155413,0.007120073931183378
